responses,responseTime
y,0.30778343500060146
y,0.024423572001978755
y,3.5460326800020994
y,6.910451889001706
o,2.6422522159991786
