responses,responseTime
o,0.891378230000555
y,24.909796159001417
o,6.456166449002922
y,1.3181979910004884
o,3.310953084001085
