responses,responseTime
y,56.434161387999666
o,10.45748791899996
o,0.6250949689997469
o,0.5694643410001845
o,0.46994874599977265
