responses,responseTime
y,8.57389675900049
y,1.9746268659982888
y,3.243868895999185
y,1.8845979229990917
o,5.294107677000284
