responses,responseTime
y,0.01851136600089376
y,0.004995193998183822
o,0.017518156000733143
o,0.004420615998242283
o,0.018740729999990435
