responses,responseTime
o,0.018763388001389103
y,0.018183930002123816
y,0.017754316002537962
y,0.018263669997395482
o,0.019441023003309965
